{
  "test_case_1": {
    "inputs": {
      "root": [1, 2, 3, null, 5, null, 4]
    },
    "output": [1, 3, 4],
    "excecution_time": 0.0,
    "memory_used": 0.93359375
  },
  "test_case_2": {
    "inputs": {
      "root": [1, 2, 3, 4, null, null, null, 5]
    },
    "output": [1, 3, 4, 5],
    "excecution_time": 0.0,
    "memory_used": 0.66484375
  },
  "test_case_3": {
    "inputs": {
      "root": [1, null, 3]
    },
    "output": [1, 3],
    "excecution_time": 0.0,
    "memory_used": 0.38046875
  },
  "test_case_4": {
    "inputs": {
      "root": []
    },
    "output": [],
    "excecution_time": 0.0,
    "memory_used": 0.0
  },
  "test_case_5": {
    "inputs": {
      "root": [1]
    },
    "output": [1],
    "excecution_time": 0.0,
    "memory_used": 0.30625
  },
  "test_case_6": {
    "inputs": {
      "root": [1, 2, 3, 4, 5, 6, 7]
    },
    "output": [1, 3, 7],
    "excecution_time": 0.10035037994384766,
    "memory_used": 0.85390625
  },
  "test_case_7": {
    "inputs": {
      "root": [10, 8, 15, 6, 9, 12, 20, null, 7, null, null, 11, 13, 18, 25]
    },
    "output": [10, 15, 20, 25],
    "excecution_time": 0.09953975677490234,
    "memory_used": 1.28359375
  },
  "test_case_8": {
    "inputs": {
      "root": [5, 3, 10, null, 4, null, 12]
    },
    "output": [5, 10, 12],
    "excecution_time": 0.09963512420654297,
    "memory_used": 0.63828125
  },
  "test_case_9": {
    "inputs": {
      "root": [7, 3, 8, 2, 5, null, 10, 1, null, 4, 6, null, null, 9, 12]
    },
    "output": [7, 8, 10, 6, 12],
    "excecution_time": 0.11751651763916016,
    "memory_used": 1.20390625
  },
  "test_case_10": {
    "inputs": {
      "root": [1, 2, 3, null, 5, null, 4, null, null, 6]
    },
    "output": [1, 3, 4, 6],
    "excecution_time": 0.0,
    "memory_used": 0.72421875
  },
  "test_case_11": {
    "inputs": {
      "root": [
        1, 2, 3, 4, 5, 6, 7, 8, 9, 10, 11, 12, 13, 14, 15, 16, 17, 18, 19, 20,
        21, 22, 23, 24, 25, 26, 27, 28, 29, 30, 31
      ]
    },
    "output": [1, 3, 7, 15, 31],
    "excecution_time": 0.0,
    "memory_used": 3.05390625
  },
  "test_case_12": {
    "inputs": {
      "root": [20, 10, 30, 5, 15, 25, 35, null, 7, 12, 18, 22, 28, 33, 40]
    },
    "output": [20, 30, 35, 40],
    "excecution_time": 0.0997781753540039,
    "memory_used": 1.41171875
  },
  "test_case_13": {
    "inputs": {
      "root": [
        50,
        30,
        70,
        20,
        40,
        60,
        80,
        null,
        null,
        null,
        45,
        null,
        65,
        null,
        85
      ]
    },
    "output": [50, 70, 80, 85],
    "excecution_time": 0.0,
    "memory_used": 1.06796875
  },
  "test_case_14": {
    "inputs": {
      "root": [
        1, 3, 5, 7, 9, 11, 13, 15, 17, 19, 21, 23, 25, 27, 29, 31, 33, 35, 37,
        39
      ]
    },
    "output": [1, 5, 13, 29, 39],
    "excecution_time": 0.0,
    "memory_used": 1.95859375
  },
  "test_case_15": {
    "inputs": {
      "root": [
        100,
        -10,
        200,
        -20,
        50,
        150,
        250,
        null,
        -15,
        45,
        null,
        null,
        175,
        null,
        300
      ]
    },
    "output": [100, 200, 250, 300],
    "excecution_time": 0.0,
    "memory_used": 1.15390625
  },
  "test_case_16": {
    "inputs": {
      "root": [
        1, 2, 3, 4, 5, 6, 7, 8, 9, 10, 11, 12, 13, 14, 15, 16, 17, 18, 19, 20,
        21, 22, 23, 24, 25, 26, 27, 28, 29, 30, 31, 32, 33, 34, 35, 36, 37, 38,
        39, 40, 41, 42, 43, 44, 45, 46, 47, 48, 49, 50, 51, 52, 53, 54, 55, 56,
        57, 58, 59, 60, 61, 62, 63, 64, 65, 66, 67, 68, 69, 70, 71, 72, 73, 74,
        75, 76, 77, 78, 79, 80, 81, 82, 83, 84, 85, 86, 87, 88, 89, 90, 91, 92,
        93, 94, 95, 96, 97, 98, 99, 100
      ]
    },
    "output": [1, 3, 7, 15, 31, 63, 100],
    "excecution_time": 0.20015239715576172,
    "memory_used": 10.50390625
  },
  "test_case_17": {
    "inputs": {
      "root": [
        2, 4, 6, 8, 10, 12, 14, 16, 18, 20, 22, 24, 26, 28, 30, 32, 34, 36, 38,
        40, 42, 44, 46, 48, 50, 52, 54, 56, 58, 60, 62, 64, 66, 68, 70, 72, 74,
        76, 78, 80, 82, 84, 86, 88, 90, 92, 94, 96, 98, 100
      ]
    },
    "output": [2, 6, 14, 30, 62, 100],
    "excecution_time": 0.09999275207519531,
    "memory_used": 4.53671875
  },
  "test_case_18": {
    "inputs": {
      "root": [
        1,
        null,
        null,
        null,
        null,
        null,
        null,
        null,
        null,
        null,
        null,
        null,
        null,
        null,
        null,
        null,
        null,
        null,
        null,
        null,
        null,
        null,
        null,
        null,
        null,
        null,
        null,
        null,
        null,
        null,
        null,
        null,
        null,
        null,
        null,
        null,
        null,
        null,
        null,
        null,
        null,
        null,
        null,
        null,
        null,
        null,
        null,
        null,
        null,
        null,
        null,
        null,
        null,
        null,
        null,
        null,
        null,
        null,
        null,
        null,
        null,
        null,
        null,
        null,
        null,
        null,
        null,
        null,
        null,
        null,
        null,
        null,
        null,
        null,
        null,
        null,
        null,
        null,
        null,
        null,
        null,
        null,
        null,
        null,
        null,
        null,
        null,
        null,
        null,
        null,
        null,
        null,
        null,
        null,
        null,
        null,
        null,
        null,
        null,
        null
      ]
    },
    "output": [1],
    "excecution_time": 0.1013040542602539,
    "memory_used": 0.29453125
  },
  "test_case_19": {
    "inputs": {
      "root": [
        100, 99, 98, 97, 96, 95, 94, 93, 92, 91, 90, 89, 88, 87, 86, 85, 84, 83,
        82, 81, 80, 79, 78, 77, 76, 75, 74, 73, 72, 71, 70, 69, 68, 67, 66, 65,
        64, 63, 62, 61, 60, 59, 58, 57, 56, 55, 54, 53, 52, 51, 50, 49, 48, 47,
        46, 45, 44, 43, 42, 41, 40, 39, 38, 37, 36, 35, 34, 33, 32, 31, 30, 29,
        28, 27, 26, 25, 24, 23, 22, 21, 20, 19, 18, 17, 16, 15, 14, 13, 12, 11,
        10, 9, 8, 7, 6, 5, 4, 3, 2, 1
      ]
    },
    "output": [100, 98, 94, 86, 70, 38, 1],
    "excecution_time": 0.298309326171875,
    "memory_used": 10.12109375
  },
  "test_case_20": {
    "inputs": {
      "root": [
        100, 50, 150, 25, 75, 125, 175, 12, 37, 63, 87, 112, 138, 162, 188, 189,
        190, 191, 192, 193, 194, 195, 196, 197, 198, 199, 200, 201, 202, 203,
        204, 205, 206, 207, 208, 209, 210, 211, 212, 213, 214, 215, 216, 217,
        218, 219, 220, 221, 222, 223, 224, 225, 226, 227, 228, 229, 230, 231,
        232, 233, 234, 235, 236, 237, 238, 239, 240, 241, 242, 243, 244, 245,
        246, 247, 248, 249
      ]
    },
    "output": [100, 150, 175, 188, 204, 236, 249],
    "excecution_time": 0.20039081573486328,
    "memory_used": 6.77109375
  }
}
